AREA,AGE,YEAR,SEX,Value,Flags
017,TOTALALLAGES,1996,SEX3,38400,
017,TOTALALLAGES,2001,SEX3,40000,
017,TOTALALLAGES,2006,SEX3,43700,
017,TOTALALLAGES,2007,SEX3,44600,
017,TOTALALLAGES,2008,SEX3,45300,
017,TOTALALLAGES,2009,SEX3,46100,
017,TOTALALLAGES,2010,SEX3,46900,
017,TOTALALLAGES,2011,SEX3,47700,
017,TOTALALLAGES,2012,SEX3,48200,
017,TOTALALLAGES,2013,SEX3,48700,
017,TOTALALLAGES,2014,SEX3,49300,
017,TOTALALLAGES,2015,SEX3,50400,
017,TOTALALLAGES,2016,SEX3,51600,
017,TOTALALLAGES,2017,SEX3,53000,
017,TOTALALLAGES,2018,SEX3,54000,
018,TOTALALLAGES,1996,SEX3,9960,
018,TOTALALLAGES,2001,SEX3,9590,
018,TOTALALLAGES,2006,SEX3,9310,
018,TOTALALLAGES,2007,SEX3,9280,
018,TOTALALLAGES,2008,SEX3,9290,
018,TOTALALLAGES,2009,SEX3,9350,
018,TOTALALLAGES,2010,SEX3,9430,
018,TOTALALLAGES,2011,SEX3,9500,
018,TOTALALLAGES,2012,SEX3,9570,
018,TOTALALLAGES,2013,SEX3,9590,
018,TOTALALLAGES,2014,SEX3,9650,
018,TOTALALLAGES,2015,SEX3,9720,
018,TOTALALLAGES,2016,SEX3,9980,
018,TOTALALLAGES,2017,SEX3,10150,
018,TOTALALLAGES,2018,SEX3,10250,
019,TOTALALLAGES,1996,SEX3,25800,
019,TOTALALLAGES,2001,SEX3,24200,
019,TOTALALLAGES,2006,SEX3,23200,
019,TOTALALLAGES,2007,SEX3,23000,
019,TOTALALLAGES,2008,SEX3,23000,
019,TOTALALLAGES,2009,SEX3,23100,
019,TOTALALLAGES,2010,SEX3,23200,
019,TOTALALLAGES,2011,SEX3,23300,
019,TOTALALLAGES,2012,SEX3,23200,
019,TOTALALLAGES,2013,SEX3,23200,
019,TOTALALLAGES,2014,SEX3,23300,
019,TOTALALLAGES,2015,SEX3,23500,
019,TOTALALLAGES,2016,SEX3,23800,
019,TOTALALLAGES,2017,SEX3,24200,
019,TOTALALLAGES,2018,SEX3,24400,
020,TOTALALLAGES,1996,SEX3,10000,
020,TOTALALLAGES,2001,SEX3,9780,
020,TOTALALLAGES,2006,SEX3,9680,
020,TOTALALLAGES,2007,SEX3,9580,
020,TOTALALLAGES,2008,SEX3,9580,
020,TOTALALLAGES,2009,SEX3,9590,
020,TOTALALLAGES,2010,SEX3,9590,
020,TOTALALLAGES,2011,SEX3,9590,
020,TOTALALLAGES,2012,SEX3,9490,
020,TOTALALLAGES,2013,SEX3,9340,
020,TOTALALLAGES,2014,SEX3,9400,
020,TOTALALLAGES,2015,SEX3,9530,
020,TOTALALLAGES,2016,SEX3,9660,
020,TOTALALLAGES,2017,SEX3,9730,
020,TOTALALLAGES,2018,SEX3,9640,
021,TOTALALLAGES,1996,SEX3,31600,
021,TOTALALLAGES,2001,SEX3,32500,
021,TOTALALLAGES,2006,SEX3,33400,
021,TOTALALLAGES,2007,SEX3,33500,
021,TOTALALLAGES,2008,SEX3,33500,
021,TOTALALLAGES,2009,SEX3,33800,
021,TOTALALLAGES,2010,SEX3,34200,
021,TOTALALLAGES,2011,SEX3,34300,
021,TOTALALLAGES,2012,SEX3,34600,
021,TOTALALLAGES,2013,SEX3,34800,
021,TOTALALLAGES,2014,SEX3,35100,
021,TOTALALLAGES,2015,SEX3,35600,
021,TOTALALLAGES,2016,SEX3,36200,
021,TOTALALLAGES,2017,SEX3,36800,
021,TOTALALLAGES,2018,SEX3,37200,
022,TOTALALLAGES,1996,SEX3,35600,
022,TOTALALLAGES,2001,SEX3,39000,
022,TOTALALLAGES,2006,SEX3,43000,
022,TOTALALLAGES,2007,SEX3,43600,
022,TOTALALLAGES,2008,SEX3,44100,
022,TOTALALLAGES,2009,SEX3,44600,
022,TOTALALLAGES,2010,SEX3,45200,
022,TOTALALLAGES,2011,SEX3,45600,
022,TOTALALLAGES,2012,SEX3,45500,
022,TOTALALLAGES,2013,SEX3,45500,
022,TOTALALLAGES,2014,SEX3,45900,
022,TOTALALLAGES,2015,SEX3,46800,
022,TOTALALLAGES,2016,SEX3,47800,
022,TOTALALLAGES,2017,SEX3,49000,
022,TOTALALLAGES,2018,SEX3,50100,
023,TOTALALLAGES,1996,SEX3,79800,
023,TOTALALLAGES,2001,SEX3,93500,
023,TOTALALLAGES,2006,SEX3,107000,
023,TOTALALLAGES,2007,SEX3,109300,
023,TOTALALLAGES,2008,SEX3,111300,
023,TOTALALLAGES,2009,SEX3,113400,
023,TOTALALLAGES,2010,SEX3,115400,
023,TOTALALLAGES,2011,SEX3,117200,
023,TOTALALLAGES,2012,SEX3,118300,
023,TOTALALLAGES,2013,SEX3,119800,
023,TOTALALLAGES,2014,SEX3,121800,
023,TOTALALLAGES,2015,SEX3,124600,
023,TOTALALLAGES,2016,SEX3,128200,
023,TOTALALLAGES,2017,SEX3,131500,
023,TOTALALLAGES,2018,SEX3,135000,
024,TOTALALLAGES,1996,SEX3,66600,
024,TOTALALLAGES,2001,SEX3,66900,
024,TOTALALLAGES,2006,SEX3,68100,
024,TOTALALLAGES,2007,SEX3,67900,
024,TOTALALLAGES,2008,SEX3,68000,
024,TOTALALLAGES,2009,SEX3,68100,
024,TOTALALLAGES,2010,SEX3,68400,
024,TOTALALLAGES,2011,SEX3,68800,
024,TOTALALLAGES,2012,SEX3,68600,
024,TOTALALLAGES,2013,SEX3,68400,
024,TOTALALLAGES,2014,SEX3,68500,
024,TOTALALLAGES,2015,SEX3,69200,
024,TOTALALLAGES,2016,SEX3,70500,
024,TOTALALLAGES,2017,SEX3,71700,
024,TOTALALLAGES,2018,SEX3,72500,
025,TOTALALLAGES,1996,SEX3,34200,
025,TOTALALLAGES,2001,SEX3,34100,
025,TOTALALLAGES,2006,SEX3,34500,
025,TOTALALLAGES,2007,SEX3,34400,
025,TOTALALLAGES,2008,SEX3,34300,
025,TOTALALLAGES,2009,SEX3,34300,
025,TOTALALLAGES,2010,SEX3,34400,
025,TOTALALLAGES,2011,SEX3,34400,
025,TOTALALLAGES,2012,SEX3,34300,
025,TOTALALLAGES,2013,SEX3,34200,
025,TOTALALLAGES,2014,SEX3,34300,
025,TOTALALLAGES,2015,SEX3,34600,
025,TOTALALLAGES,2016,SEX3,35000,
025,TOTALALLAGES,2017,SEX3,35600,
025,TOTALALLAGES,2018,SEX3,35700,
026,TOTALALLAGES,1996,SEX3,8120,
026,TOTALALLAGES,2001,SEX3,7290,
026,TOTALALLAGES,2006,SEX3,7150,
026,TOTALALLAGES,2007,SEX3,7060,
026,TOTALALLAGES,2008,SEX3,7020,
026,TOTALALLAGES,2009,SEX3,6970,
026,TOTALALLAGES,2010,SEX3,6950,
026,TOTALALLAGES,2011,SEX3,6890,
026,TOTALALLAGES,2012,SEX3,6850,
026,TOTALALLAGES,2013,SEX3,6650,
026,TOTALALLAGES,2014,SEX3,6600,
026,TOTALALLAGES,2015,SEX3,6660,
026,TOTALALLAGES,2016,SEX3,6800,
026,TOTALALLAGES,2017,SEX3,6940,
026,TOTALALLAGES,2018,SEX3,7080,
027,TOTALALLAGES,1996,SEX3,9620,
027,TOTALALLAGES,2001,SEX3,9490,
027,TOTALALLAGES,2006,SEX3,9200,
027,TOTALALLAGES,2007,SEX3,9160,
027,TOTALALLAGES,2008,SEX3,9110,
027,TOTALALLAGES,2009,SEX3,9090,
027,TOTALALLAGES,2010,SEX3,9090,
027,TOTALALLAGES,2011,SEX3,9070,
027,TOTALALLAGES,2012,SEX3,8870,
027,TOTALALLAGES,2013,SEX3,8780,
027,TOTALALLAGES,2014,SEX3,8830,
027,TOTALALLAGES,2015,SEX3,8810,
027,TOTALALLAGES,2016,SEX3,8820,
027,TOTALALLAGES,2017,SEX3,9010,
027,TOTALALLAGES,2018,SEX3,9110,
028,TOTALALLAGES,1996,SEX3,47200,
028,TOTALALLAGES,2001,SEX3,45500,
028,TOTALALLAGES,2006,SEX3,45900,
028,TOTALALLAGES,2007,SEX3,45900,
028,TOTALALLAGES,2008,SEX3,46000,
028,TOTALALLAGES,2009,SEX3,46300,
028,TOTALALLAGES,2010,SEX3,46700,
028,TOTALALLAGES,2011,SEX3,46800,
028,TOTALALLAGES,2012,SEX3,47000,
028,TOTALALLAGES,2013,SEX3,47000,
028,TOTALALLAGES,2014,SEX3,47100,
028,TOTALALLAGES,2015,SEX3,47400,
028,TOTALALLAGES,2016,SEX3,47900,
028,TOTALALLAGES,2017,SEX3,48500,
028,TOTALALLAGES,2018,SEX3,49100,
029,TOTALALLAGES,1996,SEX3,10200,
029,TOTALALLAGES,2001,SEX3,9260,
029,TOTALALLAGES,2006,SEX3,8720,
029,TOTALALLAGES,2007,SEX3,8610,
029,TOTALALLAGES,2008,SEX3,8540,
029,TOTALALLAGES,2009,SEX3,8520,
029,TOTALALLAGES,2010,SEX3,8570,
029,TOTALALLAGES,2011,SEX3,8530,
029,TOTALALLAGES,2012,SEX3,8350,
029,TOTALALLAGES,2013,SEX3,8300,
029,TOTALALLAGES,2014,SEX3,8200,
029,TOTALALLAGES,2015,SEX3,8180,
029,TOTALALLAGES,2016,SEX3,8160,
029,TOTALALLAGES,2017,SEX3,8220,
029,TOTALALLAGES,2018,SEX3,8230,
030,TOTALALLAGES,1996,SEX3,68100,
030,TOTALALLAGES,2001,SEX3,69600,
030,TOTALALLAGES,2006,SEX3,73200,
030,TOTALALLAGES,2007,SEX3,73700,
030,TOTALALLAGES,2008,SEX3,74100,
030,TOTALALLAGES,2009,SEX3,74700,
030,TOTALALLAGES,2010,SEX3,75600,
030,TOTALALLAGES,2011,SEX3,76200,
030,TOTALALLAGES,2012,SEX3,76400,
030,TOTALALLAGES,2013,SEX3,76700,
030,TOTALALLAGES,2014,SEX3,77400,
030,TOTALALLAGES,2015,SEX3,77900,
030,TOTALALLAGES,2016,SEX3,78600,
030,TOTALALLAGES,2017,SEX3,79900,
030,TOTALALLAGES,2018,SEX3,80600,
031,TOTALALLAGES,1996,SEX3,54900,
031,TOTALALLAGES,2001,SEX3,55200,
031,TOTALALLAGES,2006,SEX3,56800,
031,TOTALALLAGES,2007,SEX3,57200,
031,TOTALALLAGES,2008,SEX3,57400,
031,TOTALALLAGES,2009,SEX3,57900,
031,TOTALALLAGES,2010,SEX3,58600,
031,TOTALALLAGES,2011,SEX3,59000,
031,TOTALALLAGES,2012,SEX3,59400,
031,TOTALALLAGES,2013,SEX3,59600,
031,TOTALALLAGES,2014,SEX3,60000,
031,TOTALALLAGES,2015,SEX3,60400,
031,TOTALALLAGES,2016,SEX3,61100,
031,TOTALALLAGES,2017,SEX3,62000,
031,TOTALALLAGES,2018,SEX3,62800,
032,TOTALALLAGES,1996,SEX3,13350,
032,TOTALALLAGES,2001,SEX3,13200,
032,TOTALALLAGES,2006,SEX3,13250,
032,TOTALALLAGES,2007,SEX3,13250,
032,TOTALALLAGES,2008,SEX3,13300,
032,TOTALALLAGES,2009,SEX3,13350,
032,TOTALALLAGES,2010,SEX3,13450,
032,TOTALALLAGES,2011,SEX3,13450,
032,TOTALALLAGES,2012,SEX3,13350,
032,TOTALALLAGES,2013,SEX3,13250,
032,TOTALALLAGES,2014,SEX3,13250,
032,TOTALALLAGES,2015,SEX3,13450,
032,TOTALALLAGES,2016,SEX3,13600,
032,TOTALALLAGES,2017,SEX3,13850,
032,TOTALALLAGES,2018,SEX3,14150,
033,TOTALALLAGES,1996,SEX3,69700,
033,TOTALALLAGES,2001,SEX3,68400,
033,TOTALALLAGES,2006,SEX3,71100,
033,TOTALALLAGES,2007,SEX3,71700,
033,TOTALALLAGES,2008,SEX3,72400,
033,TOTALALLAGES,2009,SEX3,73300,
033,TOTALALLAGES,2010,SEX3,74400,
033,TOTALALLAGES,2011,SEX3,75400,
033,TOTALALLAGES,2012,SEX3,76200,
033,TOTALALLAGES,2013,SEX3,77100,
033,TOTALALLAGES,2014,SEX3,78200,
033,TOTALALLAGES,2015,SEX3,79000,
033,TOTALALLAGES,2016,SEX3,79800,
033,TOTALALLAGES,2017,SEX3,80700,
033,TOTALALLAGES,2018,SEX3,81900,
034,TOTALALLAGES,1996,SEX3,9750,
034,TOTALALLAGES,2001,SEX3,9110,
034,TOTALALLAGES,2006,SEX3,9120,
034,TOTALALLAGES,2007,SEX3,9090,
034,TOTALALLAGES,2008,SEX3,9100,
034,TOTALALLAGES,2009,SEX3,9130,
034,TOTALALLAGES,2010,SEX3,9150,
034,TOTALALLAGES,2011,SEX3,9160,
034,TOTALALLAGES,2012,SEX3,9230,
034,TOTALALLAGES,2013,SEX3,9210,
034,TOTALALLAGES,2014,SEX3,9260,
034,TOTALALLAGES,2015,SEX3,9220,
034,TOTALALLAGES,2016,SEX3,9300,
034,TOTALALLAGES,2017,SEX3,9420,
034,TOTALALLAGES,2018,SEX3,9510,
035,TOTALALLAGES,1996,SEX3,29800,
035,TOTALALLAGES,2001,SEX3,28400,
035,TOTALALLAGES,2006,SEX3,27200,
035,TOTALALLAGES,2007,SEX3,26900,
035,TOTALALLAGES,2008,SEX3,26900,
035,TOTALALLAGES,2009,SEX3,27100,
035,TOTALALLAGES,2010,SEX3,27200,
035,TOTALALLAGES,2011,SEX3,27400,
035,TOTALALLAGES,2012,SEX3,27400,
035,TOTALALLAGES,2013,SEX3,27500,
035,TOTALALLAGES,2014,SEX3,27500,
035,TOTALALLAGES,2015,SEX3,27700,
035,TOTALALLAGES,2016,SEX3,27700,
035,TOTALALLAGES,2017,SEX3,28000,
035,TOTALALLAGES,2018,SEX3,28300,
036,TOTALALLAGES,1996,SEX3,17300,
036,TOTALALLAGES,2001,SEX3,15000,
036,TOTALALLAGES,2006,SEX3,14050,
036,TOTALALLAGES,2007,SEX3,13700,
036,TOTALALLAGES,2008,SEX3,13450,
036,TOTALALLAGES,2009,SEX3,13350,
036,TOTALALLAGES,2010,SEX3,13150,
036,TOTALALLAGES,2011,SEX3,12950,
036,TOTALALLAGES,2012,SEX3,12600,
036,TOTALALLAGES,2013,SEX3,12450,
036,TOTALALLAGES,2014,SEX3,12450,
036,TOTALALLAGES,2015,SEX3,12450,
036,TOTALALLAGES,2016,SEX3,12500,
036,TOTALALLAGES,2017,SEX3,12700,
036,TOTALALLAGES,2018,SEX3,12750,
037,TOTALALLAGES,1996,SEX3,46000,
037,TOTALALLAGES,2001,SEX3,44400,
037,TOTALALLAGES,2006,SEX3,43800,
037,TOTALALLAGES,2007,SEX3,43600,
037,TOTALALLAGES,2008,SEX3,43500,
037,TOTALALLAGES,2009,SEX3,43500,
037,TOTALALLAGES,2010,SEX3,43700,
037,TOTALALLAGES,2011,SEX3,43800,
037,TOTALALLAGES,2012,SEX3,43600,
037,TOTALALLAGES,2013,SEX3,43500,
037,TOTALALLAGES,2014,SEX3,43400,
037,TOTALALLAGES,2015,SEX3,43600,
037,TOTALALLAGES,2016,SEX3,43800,
037,TOTALALLAGES,2017,SEX3,44500,
037,TOTALALLAGES,2018,SEX3,45200,
038,TOTALALLAGES,1996,SEX3,16750,
038,TOTALALLAGES,2001,SEX3,15500,
038,TOTALALLAGES,2006,SEX3,15150,
038,TOTALALLAGES,2007,SEX3,15000,
038,TOTALALLAGES,2008,SEX3,14900,
038,TOTALALLAGES,2009,SEX3,14850,
038,TOTALALLAGES,2010,SEX3,14800,
038,TOTALALLAGES,2011,SEX3,14700,
038,TOTALALLAGES,2012,SEX3,14550,
038,TOTALALLAGES,2013,SEX3,14550,
038,TOTALALLAGES,2014,SEX3,14600,
038,TOTALALLAGES,2015,SEX3,14700,
038,TOTALALLAGES,2016,SEX3,14800,
038,TOTALALLAGES,2017,SEX3,15000,
038,TOTALALLAGES,2018,SEX3,15150,
039,TOTALALLAGES,1996,SEX3,26800,
039,TOTALALLAGES,2001,SEX3,26300,
039,TOTALALLAGES,2006,SEX3,26800,
039,TOTALALLAGES,2007,SEX3,26900,
039,TOTALALLAGES,2008,SEX3,27200,
039,TOTALALLAGES,2009,SEX3,27400,
039,TOTALALLAGES,2010,SEX3,27700,
039,TOTALALLAGES,2011,SEX3,28000,
039,TOTALALLAGES,2012,SEX3,28200,
039,TOTALALLAGES,2013,SEX3,28500,
039,TOTALALLAGES,2014,SEX3,28800,
039,TOTALALLAGES,2015,SEX3,29300,
039,TOTALALLAGES,2016,SEX3,29900,
039,TOTALALLAGES,2017,SEX3,30300,
039,TOTALALLAGES,2018,SEX3,30900,
040,TOTALALLAGES,1996,SEX3,77100,
040,TOTALALLAGES,2001,SEX3,77100,
040,TOTALALLAGES,2006,SEX3,80800,
040,TOTALALLAGES,2007,SEX3,80800,
040,TOTALALLAGES,2008,SEX3,80900,
040,TOTALALLAGES,2009,SEX3,81500,
040,TOTALALLAGES,2010,SEX3,82200,
040,TOTALALLAGES,2011,SEX3,82800,
040,TOTALALLAGES,2012,SEX3,83300,
040,TOTALALLAGES,2013,SEX3,83500,
040,TOTALALLAGES,2014,SEX3,84400,
040,TOTALALLAGES,2015,SEX3,85500,
040,TOTALALLAGES,2016,SEX3,86300,
040,TOTALALLAGES,2017,SEX3,87300,
040,TOTALALLAGES,2018,SEX3,88700,
041,TOTALALLAGES,1996,SEX3,19500,
041,TOTALALLAGES,2001,SEX3,18350,
041,TOTALALLAGES,2006,SEX3,18050,
041,TOTALALLAGES,2007,SEX3,17950,
041,TOTALALLAGES,2008,SEX3,17750,
041,TOTALALLAGES,2009,SEX3,17700,
041,TOTALALLAGES,2010,SEX3,17750,
041,TOTALALLAGES,2011,SEX3,17750,
041,TOTALALLAGES,2012,SEX3,17600,
041,TOTALALLAGES,2013,SEX3,17450,
041,TOTALALLAGES,2014,SEX3,17350,
041,TOTALALLAGES,2015,SEX3,17400,
041,TOTALALLAGES,2016,SEX3,17550,
041,TOTALALLAGES,2017,SEX3,17850,
041,TOTALALLAGES,2018,SEX3,17900,
042,TOTALALLAGES,1996,SEX3,30800,
042,TOTALALLAGES,2001,SEX3,30600,
042,TOTALALLAGES,2006,SEX3,30600,
042,TOTALALLAGES,2007,SEX3,30600,
042,TOTALALLAGES,2008,SEX3,30700,
042,TOTALALLAGES,2009,SEX3,30800,
042,TOTALALLAGES,2010,SEX3,31000,
042,TOTALALLAGES,2011,SEX3,31000,
042,TOTALALLAGES,2012,SEX3,31200,
042,TOTALALLAGES,2013,SEX3,31200,
042,TOTALALLAGES,2014,SEX3,31300,
042,TOTALALLAGES,2015,SEX3,31400,
042,TOTALALLAGES,2016,SEX3,31900,
042,TOTALALLAGES,2017,SEX3,32500,
042,TOTALALLAGES,2018,SEX3,33000,
043,TOTALALLAGES,1996,SEX3,39400,
043,TOTALALLAGES,2001,SEX3,43600,
043,TOTALALLAGES,2006,SEX3,47500,
043,TOTALALLAGES,2007,SEX3,48100,
043,TOTALALLAGES,2008,SEX3,48600,
043,TOTALALLAGES,2009,SEX3,49100,
043,TOTALALLAGES,2010,SEX3,49700,
043,TOTALALLAGES,2011,SEX3,50200,
043,TOTALALLAGES,2012,SEX3,50400,
043,TOTALALLAGES,2013,SEX3,50700,
043,TOTALALLAGES,2014,SEX3,51100,
043,TOTALALLAGES,2015,SEX3,51400,
043,TOTALALLAGES,2016,SEX3,52100,
043,TOTALALLAGES,2017,SEX3,52700,
043,TOTALALLAGES,2018,SEX3,53200,
044,TOTALALLAGES,1996,SEX3,48200,
044,TOTALALLAGES,2001,SEX3,49500,
044,TOTALALLAGES,2006,SEX3,50600,
044,TOTALALLAGES,2007,SEX3,50800,
044,TOTALALLAGES,2008,SEX3,51100,
044,TOTALALLAGES,2009,SEX3,51700,
044,TOTALALLAGES,2010,SEX3,52300,
044,TOTALALLAGES,2011,SEX3,53000,
044,TOTALALLAGES,2012,SEX3,53400,
044,TOTALALLAGES,2013,SEX3,53700,
044,TOTALALLAGES,2014,SEX3,54100,
044,TOTALALLAGES,2015,SEX3,54500,
044,TOTALALLAGES,2016,SEX3,55400,
044,TOTALALLAGES,2017,SEX3,56100,
044,TOTALALLAGES,2018,SEX3,56800,
045,TOTALALLAGES,1996,SEX3,37700,
045,TOTALALLAGES,2001,SEX3,37700,
045,TOTALALLAGES,2006,SEX3,39700,
045,TOTALALLAGES,2007,SEX3,39900,
045,TOTALALLAGES,2008,SEX3,40100,
045,TOTALALLAGES,2009,SEX3,40400,
045,TOTALALLAGES,2010,SEX3,40800,
045,TOTALALLAGES,2011,SEX3,41300,
045,TOTALALLAGES,2012,SEX3,41300,
045,TOTALALLAGES,2013,SEX3,41300,
045,TOTALALLAGES,2014,SEX3,41800,
045,TOTALALLAGES,2015,SEX3,42000,
045,TOTALALLAGES,2016,SEX3,42600,
045,TOTALALLAGES,2017,SEX3,43200,
045,TOTALALLAGES,2018,SEX3,43700,
046,TOTALALLAGES,1996,SEX3,98800,
046,TOTALALLAGES,2001,SEX3,99100,
046,TOTALALLAGES,2006,SEX3,101300,
046,TOTALALLAGES,2007,SEX3,101300,
046,TOTALALLAGES,2008,SEX3,101100,
046,TOTALALLAGES,2009,SEX3,101300,
046,TOTALALLAGES,2010,SEX3,101600,
046,TOTALALLAGES,2011,SEX3,101700,
046,TOTALALLAGES,2012,SEX3,101200,
046,TOTALALLAGES,2013,SEX3,101200,
046,TOTALALLAGES,2014,SEX3,101700,
046,TOTALALLAGES,2015,SEX3,102000,
046,TOTALALLAGES,2016,SEX3,103400,
046,TOTALALLAGES,2017,SEX3,104700,
046,TOTALALLAGES,2018,SEX3,105900,
047,TOTALALLAGES,1996,SEX3,163400,
047,TOTALALLAGES,2001,SEX3,171100,
047,TOTALALLAGES,2006,SEX3,187700,
047,TOTALALLAGES,2007,SEX3,189500,
047,TOTALALLAGES,2008,SEX3,190800,
047,TOTALALLAGES,2009,SEX3,192500,
047,TOTALALLAGES,2010,SEX3,193700,
047,TOTALALLAGES,2011,SEX3,195400,
047,TOTALALLAGES,2012,SEX3,196600,
047,TOTALALLAGES,2013,SEX3,197500,
047,TOTALALLAGES,2014,SEX3,200000,
047,TOTALALLAGES,2015,SEX3,203800,
047,TOTALALLAGES,2016,SEX3,207900,
047,TOTALALLAGES,2017,SEX3,212700,
047,TOTALALLAGES,2018,SEX3,216300,
048,TOTALALLAGES,1996,SEX3,23300,
048,TOTALALLAGES,2001,SEX3,23200,
048,TOTALALLAGES,2006,SEX3,23200,
048,TOTALALLAGES,2007,SEX3,23200,
048,TOTALALLAGES,2008,SEX3,23300,
048,TOTALALLAGES,2009,SEX3,23500,
048,TOTALALLAGES,2010,SEX3,23700,
048,TOTALALLAGES,2011,SEX3,24000,
048,TOTALALLAGES,2012,SEX3,24100,
048,TOTALALLAGES,2013,SEX3,24100,
048,TOTALALLAGES,2014,SEX3,24200,
048,TOTALALLAGES,2015,SEX3,24400,
048,TOTALALLAGES,2016,SEX3,24600,
048,TOTALALLAGES,2017,SEX3,25200,
048,TOTALALLAGES,2018,SEX3,25700,
049,TOTALALLAGES,1996,SEX3,6940,
049,TOTALALLAGES,2001,SEX3,7000,
049,TOTALALLAGES,2006,SEX3,7260,
049,TOTALALLAGES,2007,SEX3,7390,
049,TOTALALLAGES,2008,SEX3,7550,
049,TOTALALLAGES,2009,SEX3,7700,
049,TOTALALLAGES,2010,SEX3,7910,
049,TOTALALLAGES,2011,SEX3,8130,
049,TOTALALLAGES,2012,SEX3,8310,
049,TOTALALLAGES,2013,SEX3,8490,
049,TOTALALLAGES,2014,SEX3,8680,
049,TOTALALLAGES,2015,SEX3,8790,
049,TOTALALLAGES,2016,SEX3,8910,
049,TOTALALLAGES,2017,SEX3,9050,
049,TOTALALLAGES,2018,SEX3,9340,
050,TOTALALLAGES,1996,SEX3,9150,
050,TOTALALLAGES,2001,SEX3,8940,
050,TOTALALLAGES,2006,SEX3,9120,
050,TOTALALLAGES,2007,SEX3,9190,
050,TOTALALLAGES,2008,SEX3,9290,
050,TOTALALLAGES,2009,SEX3,9400,
050,TOTALALLAGES,2010,SEX3,9540,
050,TOTALALLAGES,2011,SEX3,9690,
050,TOTALALLAGES,2012,SEX3,9710,
050,TOTALALLAGES,2013,SEX3,9800,
050,TOTALALLAGES,2014,SEX3,9920,
050,TOTALALLAGES,2015,SEX3,10000,
050,TOTALALLAGES,2016,SEX3,10100,
050,TOTALALLAGES,2017,SEX3,10250,
050,TOTALALLAGES,2018,SEX3,10450,
051,TOTALALLAGES,1996,SEX3,38800,
051,TOTALALLAGES,2001,SEX3,42400,
051,TOTALALLAGES,2006,SEX3,45800,
051,TOTALALLAGES,2007,SEX3,46200,
051,TOTALALLAGES,2008,SEX3,46500,
051,TOTALALLAGES,2009,SEX3,46900,
051,TOTALALLAGES,2010,SEX3,47400,
051,TOTALALLAGES,2011,SEX3,48200,
051,TOTALALLAGES,2012,SEX3,48600,
051,TOTALALLAGES,2013,SEX3,48800,
051,TOTALALLAGES,2014,SEX3,49100,
051,TOTALALLAGES,2015,SEX3,49500,
051,TOTALALLAGES,2016,SEX3,50300,
051,TOTALALLAGES,2017,SEX3,51200,
051,TOTALALLAGES,2018,SEX3,52100,
001,TOTALALLAGES,1996,SEX3,54500,
001,TOTALALLAGES,2001,SEX3,56400,
001,TOTALALLAGES,2006,SEX3,57500,
001,TOTALALLAGES,2007,SEX3,58100,
001,TOTALALLAGES,2008,SEX3,58500,
001,TOTALALLAGES,2009,SEX3,59000,
001,TOTALALLAGES,2010,SEX3,59600,
001,TOTALALLAGES,2011,SEX3,60100,
001,TOTALALLAGES,2012,SEX3,60400,
001,TOTALALLAGES,2013,SEX3,60600,
001,TOTALALLAGES,2014,SEX3,61000,
001,TOTALALLAGES,2015,SEX3,61300,
001,TOTALALLAGES,2016,SEX3,62000,
001,TOTALALLAGES,2017,SEX3,63200,
001,TOTALALLAGES,2018,SEX3,64400,
002,TOTALALLAGES,1996,SEX3,68400,
002,TOTALALLAGES,2001,SEX3,70000,
002,TOTALALLAGES,2006,SEX3,76500,
002,TOTALALLAGES,2007,SEX3,77800,
002,TOTALALLAGES,2008,SEX3,78800,
002,TOTALALLAGES,2009,SEX3,79900,
002,TOTALALLAGES,2010,SEX3,81200,
002,TOTALALLAGES,2011,SEX3,82100,
002,TOTALALLAGES,2012,SEX3,82800,
002,TOTALALLAGES,2013,SEX3,83700,
002,TOTALALLAGES,2014,SEX3,84400,
002,TOTALALLAGES,2015,SEX3,85900,
002,TOTALALLAGES,2016,SEX3,87700,
002,TOTALALLAGES,2017,SEX3,89700,
002,TOTALALLAGES,2018,SEX3,91400,
003,TOTALALLAGES,1996,SEX3,17800,
003,TOTALALLAGES,2001,SEX3,17950,
003,TOTALALLAGES,2006,SEX3,18550,
003,TOTALALLAGES,2007,SEX3,18800,
003,TOTALALLAGES,2008,SEX3,19000,
003,TOTALALLAGES,2009,SEX3,19350,
003,TOTALALLAGES,2010,SEX3,19750,
003,TOTALALLAGES,2011,SEX3,20200,
003,TOTALALLAGES,2012,SEX3,20300,
003,TOTALALLAGES,2013,SEX3,20500,
003,TOTALALLAGES,2014,SEX3,20700,
003,TOTALALLAGES,2015,SEX3,21100,
003,TOTALALLAGES,2016,SEX3,21700,
003,TOTALALLAGES,2017,SEX3,22500,
003,TOTALALLAGES,2018,SEX3,23200,
076,TOTALALLAGES,1996,SEX3,1115800,
076,TOTALALLAGES,2001,SEX3,1218300,
076,TOTALALLAGES,2006,SEX3,1373000,
076,TOTALALLAGES,2007,SEX3,1390400,
076,TOTALALLAGES,2008,SEX3,1405500,
076,TOTALALLAGES,2009,SEX3,1421700,
076,TOTALALLAGES,2010,SEX3,1439600,
076,TOTALALLAGES,2011,SEX3,1459600,
076,TOTALALLAGES,2012,SEX3,1476500,
076,TOTALALLAGES,2013,SEX3,1493200,
076,TOTALALLAGES,2014,SEX3,1526900,
076,TOTALALLAGES,2015,SEX3,1569900,
076,TOTALALLAGES,2016,SEX3,1614500,
076,TOTALALLAGES,2017,SEX3,1657200,
076,TOTALALLAGES,2018,SEX3,1695900,
07601,TOTALALLAGES,1996,SEX3,39000,
07601,TOTALALLAGES,2001,SEX3,44100,
07601,TOTALALLAGES,2006,SEX3,51000,
07601,TOTALALLAGES,2007,SEX3,51900,
07601,TOTALALLAGES,2008,SEX3,52900,
07601,TOTALALLAGES,2009,SEX3,53800,
07601,TOTALALLAGES,2010,SEX3,54800,
07601,TOTALALLAGES,2011,SEX3,55800,
07601,TOTALALLAGES,2012,SEX3,56700,
07601,TOTALALLAGES,2013,SEX3,57300,
07601,TOTALALLAGES,2014,SEX3,58500,
07601,TOTALALLAGES,2015,SEX3,60000,
07601,TOTALALLAGES,2016,SEX3,62200,
07601,TOTALALLAGES,2017,SEX3,64300,
07601,TOTALALLAGES,2018,SEX3,66700,
07602,TOTALALLAGES,1996,SEX3,68000,
07602,TOTALALLAGES,2001,SEX3,75100,
07602,TOTALALLAGES,2006,SEX3,85200,
07602,TOTALALLAGES,2007,SEX3,86400,
07602,TOTALALLAGES,2008,SEX3,87300,
07602,TOTALALLAGES,2009,SEX3,88300,
07602,TOTALALLAGES,2010,SEX3,89300,
07602,TOTALALLAGES,2011,SEX3,90600,
07602,TOTALALLAGES,2012,SEX3,91800,
07602,TOTALALLAGES,2013,SEX3,94000,
07602,TOTALALLAGES,2014,SEX3,95700,
07602,TOTALALLAGES,2015,SEX3,98700,
07602,TOTALALLAGES,2016,SEX3,101600,
07602,TOTALALLAGES,2017,SEX3,104500,
07602,TOTALALLAGES,2018,SEX3,107500,
07603,TOTALALLAGES,1996,SEX3,24300,
07603,TOTALALLAGES,2001,SEX3,33700,
07603,TOTALALLAGES,2006,SEX3,45100,
07603,TOTALALLAGES,2007,SEX3,47200,
07603,TOTALALLAGES,2008,SEX3,48900,
07603,TOTALALLAGES,2009,SEX3,50100,
07603,TOTALALLAGES,2010,SEX3,51400,
07603,TOTALALLAGES,2011,SEX3,53100,
07603,TOTALALLAGES,2012,SEX3,54900,
07603,TOTALALLAGES,2013,SEX3,56800,
07603,TOTALALLAGES,2014,SEX3,58500,
07603,TOTALALLAGES,2015,SEX3,60300,
07603,TOTALALLAGES,2016,SEX3,62800,
07603,TOTALALLAGES,2017,SEX3,65300,
07603,TOTALALLAGES,2018,SEX3,67800,
07604,TOTALALLAGES,1996,SEX3,74700,
07604,TOTALALLAGES,2001,SEX3,78200,
07604,TOTALALLAGES,2006,SEX3,83600,
07604,TOTALALLAGES,2007,SEX3,83900,
07604,TOTALALLAGES,2008,SEX3,84300,
07604,TOTALALLAGES,2009,SEX3,84800,
07604,TOTALALLAGES,2010,SEX3,85600,
07604,TOTALALLAGES,2011,SEX3,86500,
07604,TOTALALLAGES,2012,SEX3,87300,
07604,TOTALALLAGES,2013,SEX3,87000,
07604,TOTALALLAGES,2014,SEX3,88500,
07604,TOTALALLAGES,2015,SEX3,89900,
07604,TOTALALLAGES,2016,SEX3,91900,
07604,TOTALALLAGES,2017,SEX3,94000,
07604,TOTALALLAGES,2018,SEX3,96100,
07605,TOTALALLAGES,1996,SEX3,51600,
07605,TOTALALLAGES,2001,SEX3,52300,
07605,TOTALALLAGES,2006,SEX3,55700,
07605,TOTALALLAGES,2007,SEX3,56100,
07605,TOTALALLAGES,2008,SEX3,56200,
07605,TOTALALLAGES,2009,SEX3,56500,
07605,TOTALALLAGES,2010,SEX3,57000,
07605,TOTALALLAGES,2011,SEX3,57500,
07605,TOTALALLAGES,2012,SEX3,57900,
07605,TOTALALLAGES,2013,SEX3,58500,
07605,TOTALALLAGES,2014,SEX3,59000,
07605,TOTALALLAGES,2015,SEX3,60100,
07605,TOTALALLAGES,2016,SEX3,61300,
07605,TOTALALLAGES,2017,SEX3,62800,
07605,TOTALALLAGES,2018,SEX3,63500,
07606,TOTALALLAGES,1996,SEX3,82200,
07606,TOTALALLAGES,2001,SEX3,90900,
07606,TOTALALLAGES,2006,SEX3,103700,
07606,TOTALALLAGES,2007,SEX3,105000,
07606,TOTALALLAGES,2008,SEX3,106300,
07606,TOTALALLAGES,2009,SEX3,107900,
07606,TOTALALLAGES,2010,SEX3,109500,
07606,TOTALALLAGES,2011,SEX3,111100,
07606,TOTALALLAGES,2012,SEX3,112300,
07606,TOTALALLAGES,2013,SEX3,113500,
07606,TOTALALLAGES,2014,SEX3,115300,
07606,TOTALALLAGES,2015,SEX3,117300,
07606,TOTALALLAGES,2016,SEX3,119900,
07606,TOTALALLAGES,2017,SEX3,122300,
07606,TOTALALLAGES,2018,SEX3,124400,
07607,TOTALALLAGES,1996,SEX3,42100,
07607,TOTALALLAGES,2001,SEX3,44200,
07607,TOTALALLAGES,2006,SEX3,47500,
07607,TOTALALLAGES,2007,SEX3,47800,
07607,TOTALALLAGES,2008,SEX3,47900,
07607,TOTALALLAGES,2009,SEX3,48300,
07607,TOTALALLAGES,2010,SEX3,48700,
07607,TOTALALLAGES,2011,SEX3,49300,
07607,TOTALALLAGES,2012,SEX3,49900,
07607,TOTALALLAGES,2013,SEX3,50700,
07607,TOTALALLAGES,2014,SEX3,51200,
07607,TOTALALLAGES,2015,SEX3,52200,
07607,TOTALALLAGES,2016,SEX3,53400,
07607,TOTALALLAGES,2017,SEX3,54200,
07607,TOTALALLAGES,2018,SEX3,55000,
07608,TOTALALLAGES,1996,SEX3,1230,
07608,TOTALALLAGES,2001,SEX3,1100,
07608,TOTALALLAGES,2006,SEX3,940,
07608,TOTALALLAGES,2007,SEX3,910,
07608,TOTALALLAGES,2008,SEX3,880,
07608,TOTALALLAGES,2009,SEX3,870,
07608,TOTALALLAGES,2010,SEX3,910,
07608,TOTALALLAGES,2011,SEX3,930,
07608,TOTALALLAGES,2012,SEX3,960,
07608,TOTALALLAGES,2013,SEX3,950,
07608,TOTALALLAGES,2014,SEX3,970,
07608,TOTALALLAGES,2015,SEX3,980,
07608,TOTALALLAGES,2016,SEX3,990,
07608,TOTALALLAGES,2017,SEX3,1000,
07608,TOTALALLAGES,2018,SEX3,1010,
07609,TOTALALLAGES,1996,SEX3,6680,
07609,TOTALALLAGES,2001,SEX3,7560,
07609,TOTALALLAGES,2006,SEX3,8150,
07609,TOTALALLAGES,2007,SEX3,8170,
07609,TOTALALLAGES,2008,SEX3,8240,
07609,TOTALALLAGES,2009,SEX3,8310,
07609,TOTALALLAGES,2010,SEX3,8380,
07609,TOTALALLAGES,2011,SEX3,8510,
07609,TOTALALLAGES,2012,SEX3,8660,
07609,TOTALALLAGES,2013,SEX3,8630,
07609,TOTALALLAGES,2014,SEX3,8710,
07609,TOTALALLAGES,2015,SEX3,8980,
07609,TOTALALLAGES,2016,SEX3,9250,
07609,TOTALALLAGES,2017,SEX3,9630,
07609,TOTALALLAGES,2018,SEX3,9870,
07610,TOTALALLAGES,1996,SEX3,44900,
07610,TOTALALLAGES,2001,SEX3,52500,
07610,TOTALALLAGES,2006,SEX3,66600,
07610,TOTALALLAGES,2007,SEX3,68900,
07610,TOTALALLAGES,2008,SEX3,71200,
07610,TOTALALLAGES,2009,SEX3,73500,
07610,TOTALALLAGES,2010,SEX3,75500,
07610,TOTALALLAGES,2011,SEX3,77100,
07610,TOTALALLAGES,2012,SEX3,78500,
07610,TOTALALLAGES,2013,SEX3,81300,
07610,TOTALALLAGES,2014,SEX3,86200,
07610,TOTALALLAGES,2015,SEX3,94500,
07610,TOTALALLAGES,2016,SEX3,101700,
07610,TOTALALLAGES,2017,SEX3,108500,
07610,TOTALALLAGES,2018,SEX3,113800,
07611,TOTALALLAGES,1996,SEX3,59700,
07611,TOTALALLAGES,2001,SEX3,66200,
07611,TOTALALLAGES,2006,SEX3,73100,
07611,TOTALALLAGES,2007,SEX3,73600,
07611,TOTALALLAGES,2008,SEX3,74000,
07611,TOTALALLAGES,2009,SEX3,74600,
07611,TOTALALLAGES,2010,SEX3,75400,
07611,TOTALALLAGES,2011,SEX3,76000,
07611,TOTALALLAGES,2012,SEX3,76300,
07611,TOTALALLAGES,2013,SEX3,76700,
07611,TOTALALLAGES,2014,SEX3,78500,
07611,TOTALALLAGES,2015,SEX3,80800,
07611,TOTALALLAGES,2016,SEX3,82900,
07611,TOTALALLAGES,2017,SEX3,84700,
07611,TOTALALLAGES,2018,SEX3,86300,
07612,TOTALALLAGES,1996,SEX3,86100,
07612,TOTALALLAGES,2001,SEX3,90000,
07612,TOTALALLAGES,2006,SEX3,96200,
07612,TOTALALLAGES,2007,SEX3,96700,
07612,TOTALALLAGES,2008,SEX3,96900,
07612,TOTALALLAGES,2009,SEX3,97600,
07612,TOTALALLAGES,2010,SEX3,98400,
07612,TOTALALLAGES,2011,SEX3,99400,
07612,TOTALALLAGES,2012,SEX3,100100,
07612,TOTALALLAGES,2013,SEX3,100000,
07612,TOTALALLAGES,2014,SEX3,101400,
07612,TOTALALLAGES,2015,SEX3,104300,
07612,TOTALALLAGES,2016,SEX3,106600,
07612,TOTALALLAGES,2017,SEX3,109200,
07612,TOTALALLAGES,2018,SEX3,111600,
07613,TOTALALLAGES,1996,SEX3,46100,
07613,TOTALALLAGES,2001,SEX3,49800,
07613,TOTALALLAGES,2006,SEX3,53900,
07613,TOTALALLAGES,2007,SEX3,54300,
07613,TOTALALLAGES,2008,SEX3,54400,
07613,TOTALALLAGES,2009,SEX3,54800,
07613,TOTALALLAGES,2010,SEX3,55100,
07613,TOTALALLAGES,2011,SEX3,55700,
07613,TOTALALLAGES,2012,SEX3,56100,
07613,TOTALALLAGES,2013,SEX3,56300,
07613,TOTALALLAGES,2014,SEX3,58500,
07613,TOTALALLAGES,2015,SEX3,59900,
07613,TOTALALLAGES,2016,SEX3,61400,
07613,TOTALALLAGES,2017,SEX3,63000,
07613,TOTALALLAGES,2018,SEX3,64000,
07614,TOTALALLAGES,1996,SEX3,70900,
07614,TOTALALLAGES,2001,SEX3,73000,
07614,TOTALALLAGES,2006,SEX3,78400,
07614,TOTALALLAGES,2007,SEX3,78800,
07614,TOTALALLAGES,2008,SEX3,79300,
07614,TOTALALLAGES,2009,SEX3,80000,
07614,TOTALALLAGES,2010,SEX3,80800,
07614,TOTALALLAGES,2011,SEX3,81800,
07614,TOTALALLAGES,2012,SEX3,82700,
07614,TOTALALLAGES,2013,SEX3,83700,
07614,TOTALALLAGES,2014,SEX3,84300,
07614,TOTALALLAGES,2015,SEX3,86400,
07614,TOTALALLAGES,2016,SEX3,89200,
07614,TOTALALLAGES,2017,SEX3,91500,
07614,TOTALALLAGES,2018,SEX3,93000,
07615,TOTALALLAGES,1996,SEX3,61700,
07615,TOTALALLAGES,2001,SEX3,66400,
07615,TOTALALLAGES,2006,SEX3,70400,
07615,TOTALALLAGES,2007,SEX3,70700,
07615,TOTALALLAGES,2008,SEX3,71100,
07615,TOTALALLAGES,2009,SEX3,71600,
07615,TOTALALLAGES,2010,SEX3,72100,
07615,TOTALALLAGES,2011,SEX3,72900,
07615,TOTALALLAGES,2012,SEX3,73300,
07615,TOTALALLAGES,2013,SEX3,73700,
07615,TOTALALLAGES,2014,SEX3,75000,
07615,TOTALALLAGES,2015,SEX3,76500,
07615,TOTALALLAGES,2016,SEX3,78300,
07615,TOTALALLAGES,2017,SEX3,79700,
07615,TOTALALLAGES,2018,SEX3,81300,
07616,TOTALALLAGES,1996,SEX3,80900,
07616,TOTALALLAGES,2001,SEX3,97300,
07616,TOTALALLAGES,2006,SEX3,119100,
07616,TOTALALLAGES,2007,SEX3,122400,
07616,TOTALALLAGES,2008,SEX3,124900,
07616,TOTALALLAGES,2009,SEX3,126900,
07616,TOTALALLAGES,2010,SEX3,129000,
07616,TOTALALLAGES,2011,SEX3,131100,
07616,TOTALALLAGES,2012,SEX3,133700,
07616,TOTALALLAGES,2013,SEX3,135000,
07616,TOTALALLAGES,2014,SEX3,138800,
07616,TOTALALLAGES,2015,SEX3,142700,
07616,TOTALALLAGES,2016,SEX3,146600,
07616,TOTALALLAGES,2017,SEX3,150200,
07616,TOTALALLAGES,2018,SEX3,153400,
07617,TOTALALLAGES,1996,SEX3,61400,
07617,TOTALALLAGES,2001,SEX3,64600,
07617,TOTALALLAGES,2006,SEX3,72500,
07617,TOTALALLAGES,2007,SEX3,72700,
07617,TOTALALLAGES,2008,SEX3,72900,
07617,TOTALALLAGES,2009,SEX3,73200,
07617,TOTALALLAGES,2010,SEX3,73600,
07617,TOTALALLAGES,2011,SEX3,74100,
07617,TOTALALLAGES,2012,SEX3,74500,
07617,TOTALALLAGES,2013,SEX3,75300,
07617,TOTALALLAGES,2014,SEX3,77100,
07617,TOTALALLAGES,2015,SEX3,78900,
07617,TOTALALLAGES,2016,SEX3,79900,
07617,TOTALALLAGES,2017,SEX3,81100,
07617,TOTALALLAGES,2018,SEX3,81600,
07618,TOTALALLAGES,1996,SEX3,67800,
07618,TOTALALLAGES,2001,SEX3,70400,
07618,TOTALALLAGES,2006,SEX3,76600,
07618,TOTALALLAGES,2007,SEX3,76800,
07618,TOTALALLAGES,2008,SEX3,77200,
07618,TOTALALLAGES,2009,SEX3,77900,
07618,TOTALALLAGES,2010,SEX3,78500,
07618,TOTALALLAGES,2011,SEX3,79300,
07618,TOTALALLAGES,2012,SEX3,79800,
07618,TOTALALLAGES,2013,SEX3,80300,
07618,TOTALALLAGES,2014,SEX3,82700,
07618,TOTALALLAGES,2015,SEX3,84500,
07618,TOTALALLAGES,2016,SEX3,86300,
07618,TOTALALLAGES,2017,SEX3,87800,
07618,TOTALALLAGES,2018,SEX3,89600,
07619,TOTALALLAGES,1996,SEX3,60100,
07619,TOTALALLAGES,2001,SEX3,69100,
07619,TOTALALLAGES,2006,SEX3,81600,
07619,TOTALALLAGES,2007,SEX3,82400,
07619,TOTALALLAGES,2008,SEX3,83200,
07619,TOTALALLAGES,2009,SEX3,83900,
07619,TOTALALLAGES,2010,SEX3,84900,
07619,TOTALALLAGES,2011,SEX3,86000,
07619,TOTALALLAGES,2012,SEX3,86600,
07619,TOTALALLAGES,2013,SEX3,87000,
07619,TOTALALLAGES,2014,SEX3,88700,
07619,TOTALALLAGES,2015,SEX3,90400,
07619,TOTALALLAGES,2016,SEX3,92800,
07619,TOTALALLAGES,2017,SEX3,94500,
07619,TOTALALLAGES,2018,SEX3,96200,
07620,TOTALALLAGES,1996,SEX3,38000,
07620,TOTALALLAGES,2001,SEX3,38900,
07620,TOTALALLAGES,2006,SEX3,43100,
07620,TOTALALLAGES,2007,SEX3,43700,
07620,TOTALALLAGES,2008,SEX3,44300,
07620,TOTALALLAGES,2009,SEX3,44800,
07620,TOTALALLAGES,2010,SEX3,45600,
07620,TOTALALLAGES,2011,SEX3,46500,
07620,TOTALALLAGES,2012,SEX3,47400,
07620,TOTALALLAGES,2013,SEX3,48200,
07620,TOTALALLAGES,2014,SEX3,49700,
07620,TOTALALLAGES,2015,SEX3,51100,
07620,TOTALALLAGES,2016,SEX3,52700,
07620,TOTALALLAGES,2017,SEX3,54500,
07620,TOTALALLAGES,2018,SEX3,56600,
07621,TOTALALLAGES,1996,SEX3,48400,
07621,TOTALALLAGES,2001,SEX3,52900,
07621,TOTALALLAGES,2006,SEX3,60600,
07621,TOTALALLAGES,2007,SEX3,62000,
07621,TOTALALLAGES,2008,SEX3,63100,
07621,TOTALALLAGES,2009,SEX3,64200,
07621,TOTALALLAGES,2010,SEX3,65200,
07621,TOTALALLAGES,2011,SEX3,66300,
07621,TOTALALLAGES,2012,SEX3,67300,
07621,TOTALALLAGES,2013,SEX3,68300,
07621,TOTALALLAGES,2014,SEX3,69500,
07621,TOTALALLAGES,2015,SEX3,71100,
07621,TOTALALLAGES,2016,SEX3,72800,
07621,TOTALALLAGES,2017,SEX3,74600,
07621,TOTALALLAGES,2018,SEX3,76400,
011,TOTALALLAGES,1996,SEX3,25400,
011,TOTALALLAGES,2001,SEX3,25800,
011,TOTALALLAGES,2006,SEX3,26700,
011,TOTALALLAGES,2007,SEX3,26800,
011,TOTALALLAGES,2008,SEX3,26800,
011,TOTALALLAGES,2009,SEX3,26900,
011,TOTALALLAGES,2010,SEX3,27100,
011,TOTALALLAGES,2011,SEX3,27200,
011,TOTALALLAGES,2012,SEX3,27200,
011,TOTALALLAGES,2013,SEX3,27300,
011,TOTALALLAGES,2014,SEX3,27500,
011,TOTALALLAGES,2015,SEX3,27800,
011,TOTALALLAGES,2016,SEX3,28400,
011,TOTALALLAGES,2017,SEX3,29000,
011,TOTALALLAGES,2018,SEX3,29700,
012,TOTALALLAGES,1996,SEX3,18550,
012,TOTALALLAGES,2001,SEX3,18000,
012,TOTALALLAGES,2006,SEX3,18300,
012,TOTALALLAGES,2007,SEX3,18350,
012,TOTALALLAGES,2008,SEX3,18350,
012,TOTALALLAGES,2009,SEX3,18400,
012,TOTALALLAGES,2010,SEX3,18550,
012,TOTALALLAGES,2011,SEX3,18650,
012,TOTALALLAGES,2012,SEX3,18600,
012,TOTALALLAGES,2013,SEX3,18600,
012,TOTALALLAGES,2014,SEX3,18800,
012,TOTALALLAGES,2015,SEX3,19100,
012,TOTALALLAGES,2016,SEX3,19550,
012,TOTALALLAGES,2017,SEX3,19850,
012,TOTALALLAGES,2018,SEX3,19950,
013,TOTALALLAGES,1996,SEX3,52000,
013,TOTALALLAGES,2001,SEX3,53700,
013,TOTALALLAGES,2006,SEX3,59500,
013,TOTALALLAGES,2007,SEX3,60600,
013,TOTALALLAGES,2008,SEX3,61800,
013,TOTALALLAGES,2009,SEX3,63000,
013,TOTALALLAGES,2010,SEX3,64300,
013,TOTALALLAGES,2011,SEX3,65400,
013,TOTALALLAGES,2012,SEX3,66100,
013,TOTALALLAGES,2013,SEX3,66500,
013,TOTALALLAGES,2014,SEX3,68000,
013,TOTALALLAGES,2015,SEX3,69500,
013,TOTALALLAGES,2016,SEX3,71200,
013,TOTALALLAGES,2017,SEX3,73600,
013,TOTALALLAGES,2018,SEX3,75300,
015,TOTALALLAGES,1996,SEX3,30300,
015,TOTALALLAGES,2001,SEX3,30300,
015,TOTALALLAGES,2006,SEX3,31200,
015,TOTALALLAGES,2007,SEX3,31300,
015,TOTALALLAGES,2008,SEX3,31600,
015,TOTALALLAGES,2009,SEX3,31900,
015,TOTALALLAGES,2010,SEX3,32200,
015,TOTALALLAGES,2011,SEX3,32400,
015,TOTALALLAGES,2012,SEX3,32600,
015,TOTALALLAGES,2013,SEX3,32900,
015,TOTALALLAGES,2014,SEX3,33300,
015,TOTALALLAGES,2015,SEX3,33600,
015,TOTALALLAGES,2016,SEX3,34100,
015,TOTALALLAGES,2017,SEX3,34700,
015,TOTALALLAGES,2018,SEX3,35200,
016,TOTALALLAGES,1996,SEX3,113500,
016,TOTALALLAGES,2001,SEX3,121200,
016,TOTALALLAGES,2006,SEX3,134800,
016,TOTALALLAGES,2007,SEX3,136900,
016,TOTALALLAGES,2008,SEX3,138700,
016,TOTALALLAGES,2009,SEX3,140900,
016,TOTALALLAGES,2010,SEX3,143300,
016,TOTALALLAGES,2011,SEX3,145600,
016,TOTALALLAGES,2012,SEX3,148100,
016,TOTALALLAGES,2013,SEX3,150200,
016,TOTALALLAGES,2014,SEX3,153000,
016,TOTALALLAGES,2015,SEX3,156800,
016,TOTALALLAGES,2016,SEX3,161200,
016,TOTALALLAGES,2017,SEX3,165400,
016,TOTALALLAGES,2018,SEX3,169300,
052,TOTALALLAGES,1996,SEX3,41200,
052,TOTALALLAGES,2001,SEX3,42900,
052,TOTALALLAGES,2006,SEX3,44300,
052,TOTALALLAGES,2007,SEX3,44700,
052,TOTALALLAGES,2008,SEX3,45200,
052,TOTALALLAGES,2009,SEX3,45800,
052,TOTALALLAGES,2010,SEX3,46500,
052,TOTALALLAGES,2011,SEX3,47500,
052,TOTALALLAGES,2012,SEX3,48200,
052,TOTALALLAGES,2013,SEX3,48700,
052,TOTALALLAGES,2014,SEX3,49300,
052,TOTALALLAGES,2015,SEX3,49900,
052,TOTALALLAGES,2016,SEX3,50600,
052,TOTALALLAGES,2017,SEX3,51400,
052,TOTALALLAGES,2018,SEX3,51900,
053,TOTALALLAGES,1996,SEX3,39200,
053,TOTALALLAGES,2001,SEX3,40700,
053,TOTALALLAGES,2006,SEX3,43600,
053,TOTALALLAGES,2007,SEX3,43800,
053,TOTALALLAGES,2008,SEX3,44100,
053,TOTALALLAGES,2009,SEX3,44400,
053,TOTALALLAGES,2010,SEX3,44600,
053,TOTALALLAGES,2011,SEX3,44700,
053,TOTALALLAGES,2012,SEX3,44600,
053,TOTALALLAGES,2013,SEX3,44700,
053,TOTALALLAGES,2014,SEX3,44800,
053,TOTALALLAGES,2015,SEX3,45300,
053,TOTALALLAGES,2016,SEX3,45500,
053,TOTALALLAGES,2017,SEX3,46200,
053,TOTALALLAGES,2018,SEX3,46600,
054,TOTALALLAGES,1996,SEX3,3590,
054,TOTALALLAGES,2001,SEX3,3580,
054,TOTALALLAGES,2006,SEX3,3730,
054,TOTALALLAGES,2007,SEX3,3730,
054,TOTALALLAGES,2008,SEX3,3720,
054,TOTALALLAGES,2009,SEX3,3720,
054,TOTALALLAGES,2010,SEX3,3720,
054,TOTALALLAGES,2011,SEX3,3760,
054,TOTALALLAGES,2012,SEX3,3680,
054,TOTALALLAGES,2013,SEX3,3640,
054,TOTALALLAGES,2014,SEX3,3640,
054,TOTALALLAGES,2015,SEX3,3660,
054,TOTALALLAGES,2016,SEX3,3730,
054,TOTALALLAGES,2017,SEX3,3720,
054,TOTALALLAGES,2018,SEX3,3830,
055,TOTALALLAGES,1996,SEX3,10750,
055,TOTALALLAGES,2001,SEX3,9860,
055,TOTALALLAGES,2006,SEX3,9940,
055,TOTALALLAGES,2007,SEX3,10050,
055,TOTALALLAGES,2008,SEX3,10100,
055,TOTALALLAGES,2009,SEX3,10250,
055,TOTALALLAGES,2010,SEX3,10350,
055,TOTALALLAGES,2011,SEX3,10500,
055,TOTALALLAGES,2012,SEX3,10650,
055,TOTALALLAGES,2013,SEX3,10650,
055,TOTALALLAGES,2014,SEX3,10550,
055,TOTALALLAGES,2015,SEX3,10350,
055,TOTALALLAGES,2016,SEX3,10200,
055,TOTALALLAGES,2017,SEX3,10150,
055,TOTALALLAGES,2018,SEX3,10150,
056,TOTALALLAGES,1996,SEX3,14000,
056,TOTALALLAGES,2001,SEX3,13200,
056,TOTALALLAGES,2006,SEX3,13550,
056,TOTALALLAGES,2007,SEX3,13600,
056,TOTALALLAGES,2008,SEX3,13650,
056,TOTALALLAGES,2009,SEX3,13750,
056,TOTALALLAGES,2010,SEX3,13850,
056,TOTALALLAGES,2011,SEX3,13900,
056,TOTALALLAGES,2012,SEX3,13900,
056,TOTALALLAGES,2013,SEX3,13700,
056,TOTALALLAGES,2014,SEX3,13600,
056,TOTALALLAGES,2015,SEX3,13650,
056,TOTALALLAGES,2016,SEX3,13550,
056,TOTALALLAGES,2017,SEX3,13500,
056,TOTALALLAGES,2018,SEX3,13550,
057,TOTALALLAGES,1996,SEX3,8450,
057,TOTALALLAGES,2001,SEX3,7990,
057,TOTALALLAGES,2006,SEX3,8620,
057,TOTALALLAGES,2007,SEX3,8640,
057,TOTALALLAGES,2008,SEX3,8660,
057,TOTALALLAGES,2009,SEX3,8660,
057,TOTALALLAGES,2010,SEX3,8640,
057,TOTALALLAGES,2011,SEX3,8680,
057,TOTALALLAGES,2012,SEX3,8560,
057,TOTALALLAGES,2013,SEX3,8570,
057,TOTALALLAGES,2014,SEX3,8640,
057,TOTALALLAGES,2015,SEX3,8720,
057,TOTALALLAGES,2016,SEX3,8760,
057,TOTALALLAGES,2017,SEX3,8810,
057,TOTALALLAGES,2018,SEX3,8890,
058,TOTALALLAGES,1996,SEX3,9620,
058,TOTALALLAGES,2001,SEX3,10150,
058,TOTALALLAGES,2006,SEX3,10750,
058,TOTALALLAGES,2007,SEX3,10800,
058,TOTALALLAGES,2008,SEX3,10950,
058,TOTALALLAGES,2009,SEX3,11150,
058,TOTALALLAGES,2010,SEX3,11300,
058,TOTALALLAGES,2011,SEX3,11550,
058,TOTALALLAGES,2012,SEX3,11800,
058,TOTALALLAGES,2013,SEX3,12000,
058,TOTALALLAGES,2014,SEX3,12200,
058,TOTALALLAGES,2015,SEX3,12500,
058,TOTALALLAGES,2016,SEX3,12700,
058,TOTALALLAGES,2017,SEX3,12800,
058,TOTALALLAGES,2018,SEX3,12850,
059,TOTALALLAGES,1996,SEX3,33000,
059,TOTALALLAGES,2001,SEX3,37900,
059,TOTALALLAGES,2006,SEX3,44100,
059,TOTALALLAGES,2007,SEX3,45100,
059,TOTALALLAGES,2008,SEX3,46000,
059,TOTALALLAGES,2009,SEX3,46900,
059,TOTALALLAGES,2010,SEX3,47600,
059,TOTALALLAGES,2011,SEX3,49400,
059,TOTALALLAGES,2012,SEX3,50500,
059,TOTALALLAGES,2013,SEX3,52300,
059,TOTALALLAGES,2014,SEX3,54400,
059,TOTALALLAGES,2015,SEX3,56400,
059,TOTALALLAGES,2016,SEX3,57800,
059,TOTALALLAGES,2017,SEX3,59300,
059,TOTALALLAGES,2018,SEX3,60700,
060,TOTALALLAGES,1996,SEX3,325700,
060,TOTALALLAGES,2001,SEX3,335300,
060,TOTALALLAGES,2006,SEX3,361800,
060,TOTALALLAGES,2007,SEX3,365600,
060,TOTALALLAGES,2008,SEX3,368700,
060,TOTALALLAGES,2009,SEX3,372300,
060,TOTALALLAGES,2010,SEX3,376300,
060,TOTALALLAGES,2011,SEX3,362300,
060,TOTALALLAGES,2012,SEX3,355100,
060,TOTALALLAGES,2013,SEX3,356700,
060,TOTALALLAGES,2014,SEX3,361900,
060,TOTALALLAGES,2015,SEX3,367800,
060,TOTALALLAGES,2016,SEX3,375000,
060,TOTALALLAGES,2017,SEX3,381500,
060,TOTALALLAGES,2018,SEX3,388500,
062,TOTALALLAGES,1996,SEX3,25500,
062,TOTALALLAGES,2001,SEX3,28300,
062,TOTALALLAGES,2006,SEX3,34900,
062,TOTALALLAGES,2007,SEX3,36700,
062,TOTALALLAGES,2008,SEX3,38200,
062,TOTALALLAGES,2009,SEX3,39600,
062,TOTALALLAGES,2010,SEX3,41000,
062,TOTALALLAGES,2011,SEX3,42900,
062,TOTALALLAGES,2012,SEX3,44400,
062,TOTALALLAGES,2013,SEX3,46700,
062,TOTALALLAGES,2014,SEX3,49500,
062,TOTALALLAGES,2015,SEX3,52700,
062,TOTALALLAGES,2016,SEX3,56200,
062,TOTALALLAGES,2017,SEX3,59300,
062,TOTALALLAGES,2018,SEX3,62200,
063,TOTALALLAGES,1996,SEX3,25700,
063,TOTALALLAGES,2001,SEX3,26000,
063,TOTALALLAGES,2006,SEX3,28000,
063,TOTALALLAGES,2007,SEX3,28600,
063,TOTALALLAGES,2008,SEX3,29100,
063,TOTALALLAGES,2009,SEX3,29600,
063,TOTALALLAGES,2010,SEX3,30100,
063,TOTALALLAGES,2011,SEX3,31000,
063,TOTALALLAGES,2012,SEX3,31700,
063,TOTALALLAGES,2013,SEX3,32300,
063,TOTALALLAGES,2014,SEX3,32800,
063,TOTALALLAGES,2015,SEX3,33200,
063,TOTALALLAGES,2016,SEX3,33700,
063,TOTALALLAGES,2017,SEX3,34100,
063,TOTALALLAGES,2018,SEX3,34500,
064,TOTALALLAGES,1996,SEX3,43500,
064,TOTALALLAGES,2001,SEX3,42800,
064,TOTALALLAGES,2006,SEX3,43800,
064,TOTALALLAGES,2007,SEX3,44000,
064,TOTALALLAGES,2008,SEX3,44000,
064,TOTALALLAGES,2009,SEX3,44200,
064,TOTALALLAGES,2010,SEX3,44500,
064,TOTALALLAGES,2011,SEX3,44900,
064,TOTALALLAGES,2012,SEX3,45100,
064,TOTALALLAGES,2013,SEX3,45400,
064,TOTALALLAGES,2014,SEX3,45900,
064,TOTALALLAGES,2015,SEX3,46200,
064,TOTALALLAGES,2016,SEX3,46700,
064,TOTALALLAGES,2017,SEX3,47100,
064,TOTALALLAGES,2018,SEX3,47300,
065,TOTALALLAGES,1996,SEX3,4170,
065,TOTALALLAGES,2001,SEX3,3790,
065,TOTALALLAGES,2006,SEX3,3900,
065,TOTALALLAGES,2007,SEX3,3950,
065,TOTALALLAGES,2008,SEX3,4010,
065,TOTALALLAGES,2009,SEX3,4060,
065,TOTALALLAGES,2010,SEX3,4130,
065,TOTALALLAGES,2011,SEX3,4210,
065,TOTALALLAGES,2012,SEX3,4280,
065,TOTALALLAGES,2013,SEX3,4300,
065,TOTALALLAGES,2014,SEX3,4320,
065,TOTALALLAGES,2015,SEX3,4440,
065,TOTALALLAGES,2016,SEX3,4520,
065,TOTALALLAGES,2017,SEX3,4600,
065,TOTALALLAGES,2018,SEX3,4670,
066,TOTALALLAGES,1996,SEX3,7780,
066,TOTALALLAGES,2001,SEX3,7220,
066,TOTALALLAGES,2006,SEX3,7380,
066,TOTALALLAGES,2007,SEX3,7430,
066,TOTALALLAGES,2008,SEX3,7470,
066,TOTALALLAGES,2009,SEX3,7520,
066,TOTALALLAGES,2010,SEX3,7580,
066,TOTALALLAGES,2011,SEX3,7680,
066,TOTALALLAGES,2012,SEX3,7720,
066,TOTALALLAGES,2013,SEX3,7810,
066,TOTALALLAGES,2014,SEX3,7880,
066,TOTALALLAGES,2015,SEX3,7870,
066,TOTALALLAGES,2016,SEX3,7950,
066,TOTALALLAGES,2017,SEX3,7900,
066,TOTALALLAGES,2018,SEX3,7940,
067,TOTALALLAGES,1996,SEX3,760,
067,TOTALALLAGES,2001,SEX3,750,
067,TOTALALLAGES,2006,SEX3,650,
067,TOTALALLAGES,2007,SEX3,640,
067,TOTALALLAGES,2008,SEX3,640,
067,TOTALALLAGES,2009,SEX3,640,
067,TOTALALLAGES,2010,SEX3,640,
067,TOTALALLAGES,2011,SEX3,640,
067,TOTALALLAGES,2012,SEX3,600,
067,TOTALALLAGES,2013,SEX3,600,
067,TOTALALLAGES,2014,SEX3,600,
067,TOTALALLAGES,2015,SEX3,610,
067,TOTALALLAGES,2016,SEX3,610,
067,TOTALALLAGES,2017,SEX3,640,
067,TOTALALLAGES,2018,SEX3,650,
068,TOTALALLAGES,1996,SEX3,22000,
068,TOTALALLAGES,2001,SEX3,20500,
068,TOTALALLAGES,2006,SEX3,20700,
068,TOTALALLAGES,2007,SEX3,20700,
068,TOTALALLAGES,2008,SEX3,20800,
068,TOTALALLAGES,2009,SEX3,20900,
068,TOTALALLAGES,2010,SEX3,21000,
068,TOTALALLAGES,2011,SEX3,21200,
068,TOTALALLAGES,2012,SEX3,21300,
068,TOTALALLAGES,2013,SEX3,21400,
068,TOTALALLAGES,2014,SEX3,21700,
068,TOTALALLAGES,2015,SEX3,21900,
068,TOTALALLAGES,2016,SEX3,22100,
068,TOTALALLAGES,2017,SEX3,22200,
068,TOTALALLAGES,2018,SEX3,22300,
069,TOTALALLAGES,1996,SEX3,15250,
069,TOTALALLAGES,2001,SEX3,14750,
069,TOTALALLAGES,2006,SEX3,17050,
069,TOTALALLAGES,2007,SEX3,17350,
069,TOTALALLAGES,2008,SEX3,17600,
069,TOTALALLAGES,2009,SEX3,17800,
069,TOTALALLAGES,2010,SEX3,18000,
069,TOTALALLAGES,2011,SEX3,18150,
069,TOTALALLAGES,2012,SEX3,18200,
069,TOTALALLAGES,2013,SEX3,18500,
069,TOTALALLAGES,2014,SEX3,18850,
069,TOTALALLAGES,2015,SEX3,19200,
069,TOTALALLAGES,2016,SEX3,19700,
069,TOTALALLAGES,2017,SEX3,20300,
069,TOTALALLAGES,2018,SEX3,21000,
070,TOTALALLAGES,1996,SEX3,14800,
070,TOTALALLAGES,2001,SEX3,17850,
070,TOTALALLAGES,2006,SEX3,24100,
070,TOTALALLAGES,2007,SEX3,25400,
070,TOTALALLAGES,2008,SEX3,26300,
070,TOTALALLAGES,2009,SEX3,26900,
070,TOTALALLAGES,2010,SEX3,27500,
070,TOTALALLAGES,2011,SEX3,28400,
070,TOTALALLAGES,2012,SEX3,28800,
070,TOTALALLAGES,2013,SEX3,29700,
070,TOTALALLAGES,2014,SEX3,30900,
070,TOTALALLAGES,2015,SEX3,32400,
070,TOTALALLAGES,2016,SEX3,34700,
070,TOTALALLAGES,2017,SEX3,37100,
070,TOTALALLAGES,2018,SEX3,39200,
071,TOTALALLAGES,1996,SEX3,120800,
071,TOTALALLAGES,2001,SEX3,119300,
071,TOTALALLAGES,2006,SEX3,122300,
071,TOTALALLAGES,2007,SEX3,121900,
071,TOTALALLAGES,2008,SEX3,121700,
071,TOTALALLAGES,2009,SEX3,121900,
071,TOTALALLAGES,2010,SEX3,122400,
071,TOTALALLAGES,2011,SEX3,123100,
071,TOTALALLAGES,2012,SEX3,123500,
071,TOTALALLAGES,2013,SEX3,123500,
071,TOTALALLAGES,2014,SEX3,124600,
071,TOTALALLAGES,2015,SEX3,125800,
071,TOTALALLAGES,2016,SEX3,127000,
071,TOTALALLAGES,2017,SEX3,128800,
071,TOTALALLAGES,2018,SEX3,130700,
072,TOTALALLAGES,1996,SEX3,18400,
072,TOTALALLAGES,2001,SEX3,17550,
072,TOTALALLAGES,2006,SEX3,17200,
072,TOTALALLAGES,2007,SEX3,17200,
072,TOTALALLAGES,2008,SEX3,17300,
072,TOTALALLAGES,2009,SEX3,17350,
072,TOTALALLAGES,2010,SEX3,17400,
072,TOTALALLAGES,2011,SEX3,17500,
072,TOTALALLAGES,2012,SEX3,17300,
072,TOTALALLAGES,2013,SEX3,17250,
072,TOTALALLAGES,2014,SEX3,17350,
072,TOTALALLAGES,2015,SEX3,17400,
072,TOTALALLAGES,2016,SEX3,17450,
072,TOTALALLAGES,2017,SEX3,17550,
072,TOTALALLAGES,2018,SEX3,17700,
073,TOTALALLAGES,1996,SEX3,31200,
073,TOTALALLAGES,2001,SEX3,29400,
073,TOTALALLAGES,2006,SEX3,29200,
073,TOTALALLAGES,2007,SEX3,29200,
073,TOTALALLAGES,2008,SEX3,29300,
073,TOTALALLAGES,2009,SEX3,29500,
073,TOTALALLAGES,2010,SEX3,29700,
073,TOTALALLAGES,2011,SEX3,30000,
073,TOTALALLAGES,2012,SEX3,30200,
073,TOTALALLAGES,2013,SEX3,30300,
073,TOTALALLAGES,2014,SEX3,30400,
073,TOTALALLAGES,2015,SEX3,30600,
073,TOTALALLAGES,2016,SEX3,30900,
073,TOTALALLAGES,2017,SEX3,31100,
073,TOTALALLAGES,2018,SEX3,31400,
NZTA,TOTALALLAGES,1996,SEX3,3732000,
NZTA,TOTALALLAGES,2001,SEX3,3880500,
NZTA,TOTALALLAGES,2006,SEX3,4184600,
NZTA,TOTALALLAGES,2007,SEX3,4223800,
NZTA,TOTALALLAGES,2008,SEX3,4259800,
NZTA,TOTALALLAGES,2009,SEX3,4302600,
NZTA,TOTALALLAGES,2010,SEX3,4350700,
NZTA,TOTALALLAGES,2011,SEX3,4384000,
NZTA,TOTALALLAGES,2012,SEX3,4408100,
NZTA,TOTALALLAGES,2013,SEX3,4442100,
NZTA,TOTALALLAGES,2014,SEX3,4509700,
NZTA,TOTALALLAGES,2015,SEX3,4595700,
NZTA,TOTALALLAGES,2016,SEX3,4693200,
NZTA,TOTALALLAGES,2017,SEX3,4793900,
NZTA,TOTALALLAGES,2018,SEX3,4885500,
074,TOTALALLAGES,1996,SEX3,13500,
074,TOTALALLAGES,2001,SEX3,12750,
074,TOTALALLAGES,2006,SEX3,12400,
074,TOTALALLAGES,2007,SEX3,12300,
074,TOTALALLAGES,2008,SEX3,12300,
074,TOTALALLAGES,2009,SEX3,12350,
074,TOTALALLAGES,2010,SEX3,12400,
074,TOTALALLAGES,2011,SEX3,12450,
074,TOTALALLAGES,2012,SEX3,12400,
074,TOTALALLAGES,2013,SEX3,12400,
074,TOTALALLAGES,2014,SEX3,12400,
074,TOTALALLAGES,2015,SEX3,12450,
074,TOTALALLAGES,2016,SEX3,12450,
074,TOTALALLAGES,2017,SEX3,12450,
074,TOTALALLAGES,2018,SEX3,12500,
075,TOTALALLAGES,1996,SEX3,54200,
075,TOTALALLAGES,2001,SEX3,51100,
075,TOTALALLAGES,2006,SEX3,51600,
075,TOTALALLAGES,2007,SEX3,51700,
075,TOTALALLAGES,2008,SEX3,51700,
075,TOTALALLAGES,2009,SEX3,52100,
075,TOTALALLAGES,2010,SEX3,52600,
075,TOTALALLAGES,2011,SEX3,53200,
075,TOTALALLAGES,2012,SEX3,53200,
075,TOTALALLAGES,2013,SEX3,53200,
075,TOTALALLAGES,2014,SEX3,53700,
075,TOTALALLAGES,2015,SEX3,54200,
075,TOTALALLAGES,2016,SEX3,54700,
075,TOTALALLAGES,2017,SEX3,54800,
075,TOTALALLAGES,2018,SEX3,55200,
